bin,mean_prediction,actual_rate,count
0,0.06712352281935677,0.0,67
1,0.15468559519880515,0.04,75
2,0.2663999224806201,0.16279069767441862,86
3,0.358954748029207,0.35,120
4,0.4595220458553792,0.5238095238095238,63
5,0.5425941475211086,0.5029585798816568,169
6,0.6562,0.6,15
7,0.7566022727272728,0.8636363636363636,22
8,0.8504718089336407,1.0,12
9,0.96,1.0,3
